cohort_a,cohort_b,shared_pmids
internal_positive_pool,internal_negative_top_china,0
internal_positive_pool,internal_negative_top_other_train,0
internal_positive_pool,internal_negative_top_taiwan,0
internal_positive_pool,external_positive_pubpeer,0
internal_positive_pool,external_negative_raw,0
internal_positive_pool,external_negative_clean,0
internal_positive_pool,audit_china_candidate_pool,1
internal_positive_pool,audit_china_5000,0
internal_positive_pool,audit_other_5000,0
internal_positive_pool,additional_positive_china,2027
internal_negative_top_china,internal_negative_top_other_train,2
internal_negative_top_china,internal_negative_top_taiwan,0
internal_negative_top_china,external_positive_pubpeer,0
internal_negative_top_china,external_negative_raw,10
internal_negative_top_china,external_negative_clean,0
internal_negative_top_china,audit_china_candidate_pool,97
internal_negative_top_china,audit_china_5000,0
internal_negative_top_china,audit_other_5000,0
internal_negative_top_china,additional_positive_china,0
internal_negative_top_other_train,internal_negative_top_taiwan,2
internal_negative_top_other_train,external_positive_pubpeer,0
internal_negative_top_other_train,external_negative_raw,0
internal_negative_top_other_train,external_negative_clean,0
internal_negative_top_other_train,audit_china_candidate_pool,7
internal_negative_top_other_train,audit_china_5000,0
internal_negative_top_other_train,audit_other_5000,0
internal_negative_top_other_train,additional_positive_china,0
internal_negative_top_taiwan,external_positive_pubpeer,0
internal_negative_top_taiwan,external_negative_raw,2
internal_negative_top_taiwan,external_negative_clean,0
internal_negative_top_taiwan,audit_china_candidate_pool,0
internal_negative_top_taiwan,audit_china_5000,0
internal_negative_top_taiwan,audit_other_5000,0
internal_negative_top_taiwan,additional_positive_china,0
external_positive_pubpeer,external_negative_raw,0
external_positive_pubpeer,external_negative_clean,0
external_positive_pubpeer,audit_china_candidate_pool,23
external_positive_pubpeer,audit_china_5000,0
external_positive_pubpeer,audit_other_5000,0
external_positive_pubpeer,additional_positive_china,0
external_negative_raw,external_negative_clean,2987
external_negative_raw,audit_china_candidate_pool,17
external_negative_raw,audit_china_5000,0
external_negative_raw,audit_other_5000,800
external_negative_raw,additional_positive_china,0
external_negative_clean,audit_china_candidate_pool,7
external_negative_clean,audit_china_5000,0
external_negative_clean,audit_other_5000,800
external_negative_clean,additional_positive_china,0
audit_china_candidate_pool,audit_china_5000,5000
audit_china_candidate_pool,audit_other_5000,0
audit_china_candidate_pool,additional_positive_china,1
audit_china_5000,audit_other_5000,0
audit_china_5000,additional_positive_china,0
audit_other_5000,additional_positive_china,0
